{
    "大跌": {
        "precision": 0.36065573770491804,
        "recall": 0.09166666666666666,
        "f1-score": 0.1461794019933555,
        "support": 240.0
    },
    "小跌": {
        "precision": 0.4628099173553719,
        "recall": 0.0880503144654088,
        "f1-score": 0.14795244385733158,
        "support": 636.0
    },
    "持平": {
        "precision": 0.24046434494195687,
        "recall": 0.39617486338797814,
        "f1-score": 0.29927760577915374,
        "support": 366.0
    },
    "小漲": {
        "precision": 0.37542662116040953,
        "recall": 0.17432646592709986,
        "f1-score": 0.23809523809523808,
        "support": 631.0
    },
    "大漲": {
        "precision": 0.14396135265700483,
        "recall": 0.6208333333333333,
        "f1-score": 0.23372549019607844,
        "support": 240.0
    },
    "accuracy": 0.22811168954093705,
    "macro avg": {
        "precision": 0.3166635947639322,
        "recall": 0.27421032875609735,
        "f1-score": 0.21304603598423144,
        "support": 2113.0
    },
    "weighted avg": {
        "precision": 0.35038303706855306,
        "recall": 0.22811168954093705,
        "f1-score": 0.21062405460103764,
        "support": 2113.0
    }
}