{
    "大跌": {
        "precision": 0.25,
        "recall": 0.06349206349206349,
        "f1-score": 0.10126582278481013,
        "support": 63.0
    },
    "小跌": {
        "precision": 0.3870967741935484,
        "recall": 0.07407407407407407,
        "f1-score": 0.12435233160621761,
        "support": 162.0
    },
    "持平": {
        "precision": 0.22972972972972974,
        "recall": 0.38202247191011235,
        "f1-score": 0.2869198312236287,
        "support": 89.0
    },
    "小漲": {
        "precision": 0.31343283582089554,
        "recall": 0.14383561643835616,
        "f1-score": 0.19718309859154928,
        "support": 146.0
    },
    "大漲": {
        "precision": 0.15355805243445692,
        "recall": 0.5942028985507246,
        "f1-score": 0.24404761904761904,
        "support": 69.0
    },
    "accuracy": 0.21172022684310018,
    "macro avg": {
        "precision": 0.2667634784357261,
        "recall": 0.2515254248930662,
        "f1-score": 0.19075374065076495,
        "support": 529.0
    },
    "weighted avg": {
        "precision": 0.29350155579041415,
        "recall": 0.21172022684310018,
        "f1-score": 0.1846667441270419,
        "support": 529.0
    }
}