{
    "大跌": {
        "precision": 0.38333333333333336,
        "recall": 0.09829059829059829,
        "f1-score": 0.1564625850340136,
        "support": 234.0
    },
    "小跌": {
        "precision": 0.46357615894039733,
        "recall": 0.11182108626198083,
        "f1-score": 0.18018018018018017,
        "support": 626.0
    },
    "持平": {
        "precision": 0.23190546528803546,
        "recall": 0.4254742547425474,
        "f1-score": 0.30019120458891013,
        "support": 369.0
    },
    "小漲": {
        "precision": 0.39574468085106385,
        "recall": 0.14508580343213728,
        "f1-score": 0.21232876712328766,
        "support": 641.0
    },
    "大漲": {
        "precision": 0.14934409687184663,
        "recall": 0.6065573770491803,
        "f1-score": 0.23967611336032388,
        "support": 244.0
    },
    "accuracy": 0.23226111636707664,
    "macro avg": {
        "precision": 0.3247807470569354,
        "recall": 0.27744582395528883,
        "f1-score": 0.2177677700573431,
        "support": 2114.0
    },
    "weighted avg": {
        "precision": 0.3574191543283994,
        "recall": 0.23226111636707664,
        "f1-score": 0.2151179297871363,
        "support": 2114.0
    }
}