{
    "大跌": {
        "precision": 0.3333333333333333,
        "recall": 0.07246376811594203,
        "f1-score": 0.11904761904761904,
        "support": 69.0
    },
    "小跌": {
        "precision": 0.38461538461538464,
        "recall": 0.08670520231213873,
        "f1-score": 0.14150943396226415,
        "support": 173.0
    },
    "持平": {
        "precision": 0.2261904761904762,
        "recall": 0.4418604651162791,
        "f1-score": 0.2992125984251969,
        "support": 86.0
    },
    "小漲": {
        "precision": 0.25,
        "recall": 0.10294117647058823,
        "f1-score": 0.14583333333333334,
        "support": 136.0
    },
    "大漲": {
        "precision": 0.14741035856573706,
        "recall": 0.5692307692307692,
        "f1-score": 0.23417721518987342,
        "support": 65.0
    },
    "accuracy": 0.2060491493383743,
    "macro avg": {
        "precision": 0.26830991054098624,
        "recall": 0.2546402762491434,
        "f1-score": 0.1879560399916574,
        "support": 529.0
    },
    "weighted avg": {
        "precision": 0.28841685405976447,
        "recall": 0.2060491493383743,
        "f1-score": 0.176715602221171,
        "support": 529.0
    }
}