run,train_acc,test_acc
0,0.33791469194312795,0.3383458646616541
