run,train_acc,test_acc
0,0.3361782835467046,0.2951127819548872
