run,train_acc,test_acc
0,0.33317535545023697,0.3007518796992481
