run,train_acc,test_acc
0,0.33886255924170616,0.31954887218045114
