run,train_acc,test_acc
0,0.33902323376007587,0.32142857142857145
