run,train_acc,test_acc
0,0.3357041251778094,0.2951127819548872
