run,train_acc,test_acc
0,0.33696682464454975,0.29887218045112784
