{
    "大跌": {
        "precision": 0.7377049180327869,
        "recall": 0.7142857142857143,
        "f1-score": 0.7258064516129032,
        "support": 63.0
    },
    "小跌": {
        "precision": 0.908256880733945,
        "recall": 0.6111111111111112,
        "f1-score": 0.7306273062730627,
        "support": 162.0
    },
    "持平": {
        "precision": 0.45294117647058824,
        "recall": 0.8651685393258427,
        "f1-score": 0.5945945945945946,
        "support": 89.0
    },
    "小漲": {
        "precision": 0.8468468468468469,
        "recall": 0.6438356164383562,
        "f1-score": 0.7315175097276265,
        "support": 146.0
    },
    "大漲": {
        "precision": 0.7051282051282052,
        "recall": 0.7971014492753623,
        "f1-score": 0.7482993197278911,
        "support": 69.0
    },
    "accuracy": 0.6994328922495274,
    "macro avg": {
        "precision": 0.7301756054424745,
        "recall": 0.7263004860872774,
        "f1-score": 0.7061690363872157,
        "support": 529.0
    },
    "weighted avg": {
        "precision": 0.7678984404807804,
        "recall": 0.6994328922495274,
        "f1-score": 0.7097175018302948,
        "support": 529.0
    }
}