{
    "大跌": {
        "precision": 0.7692307692307693,
        "recall": 0.75,
        "f1-score": 0.7594936708860761,
        "support": 240.0
    },
    "小跌": {
        "precision": 0.9090909090909091,
        "recall": 0.6289308176100629,
        "f1-score": 0.7434944237918215,
        "support": 636.0
    },
    "持平": {
        "precision": 0.4573082489146165,
        "recall": 0.8633879781420765,
        "f1-score": 0.5979186376537371,
        "support": 366.0
    },
    "小漲": {
        "precision": 0.8158995815899581,
        "recall": 0.618066561014263,
        "f1-score": 0.7033363390441839,
        "support": 631.0
    },
    "大漲": {
        "precision": 0.6555555555555556,
        "recall": 0.7375,
        "f1-score": 0.6941176470588235,
        "support": 240.0
    },
    "accuracy": 0.6923805016564126,
    "macro avg": {
        "precision": 0.7214170128763617,
        "recall": 0.7195770713532804,
        "f1-score": 0.6996721436869284,
        "support": 2113.0
    },
    "weighted avg": {
        "precision": 0.7583237062075481,
        "recall": 0.6923805016564126,
        "f1-score": 0.7024953247309618,
        "support": 2113.0
    }
}