{
    "大跌": {
        "precision": 0.7758620689655172,
        "recall": 0.6521739130434783,
        "f1-score": 0.7086614173228347,
        "support": 69.0
    },
    "小跌": {
        "precision": 0.8717948717948718,
        "recall": 0.5895953757225434,
        "f1-score": 0.703448275862069,
        "support": 173.0
    },
    "持平": {
        "precision": 0.38974358974358975,
        "recall": 0.8837209302325582,
        "f1-score": 0.5409252669039146,
        "support": 86.0
    },
    "小漲": {
        "precision": 0.7623762376237624,
        "recall": 0.5661764705882353,
        "f1-score": 0.6497890295358649,
        "support": 136.0
    },
    "大漲": {
        "precision": 0.7413793103448276,
        "recall": 0.6615384615384615,
        "f1-score": 0.6991869918699186,
        "support": 65.0
    },
    "accuracy": 0.6483931947069943,
    "macro avg": {
        "precision": 0.7082312156945137,
        "recall": 0.6706410302250553,
        "f1-score": 0.6604021962989204,
        "support": 529.0
    },
    "weighted avg": {
        "precision": 0.7367594854183889,
        "recall": 0.6483931947069943,
        "f1-score": 0.6633879488876608,
        "support": 529.0
    }
}