{
    "大跌": {
        "precision": 0.7801047120418848,
        "recall": 0.6367521367521367,
        "f1-score": 0.7011764705882353,
        "support": 234.0
    },
    "小跌": {
        "precision": 0.8211764705882353,
        "recall": 0.5575079872204473,
        "f1-score": 0.6641294005708849,
        "support": 626.0
    },
    "持平": {
        "precision": 0.4039408866995074,
        "recall": 0.8888888888888888,
        "f1-score": 0.5554614733276884,
        "support": 369.0
    },
    "小漲": {
        "precision": 0.8340909090909091,
        "recall": 0.5725429017160687,
        "f1-score": 0.6790009250693803,
        "support": 641.0
    },
    "大漲": {
        "precision": 0.7113821138211383,
        "recall": 0.7172131147540983,
        "f1-score": 0.7142857142857143,
        "support": 244.0
    },
    "accuracy": 0.6471144749290445,
    "macro avg": {
        "precision": 0.7101390184483349,
        "recall": 0.674581005866328,
        "f1-score": 0.6628107967683807,
        "support": 2114.0
    },
    "weighted avg": {
        "precision": 0.735044781881639,
        "recall": 0.6471144749290445,
        "f1-score": 0.659560496588517,
        "support": 2114.0
    }
}