{
    "大跌": {
        "precision": 0.32989690721649484,
        "recall": 0.13333333333333333,
        "f1-score": 0.18991097922848665,
        "support": 240.0
    },
    "小跌": {
        "precision": 0.45985401459854014,
        "recall": 0.09905660377358491,
        "f1-score": 0.1630012936610608,
        "support": 636.0
    },
    "持平": {
        "precision": 0.23513513513513515,
        "recall": 0.47540983606557374,
        "f1-score": 0.31464737793851716,
        "support": 366.0
    },
    "小漲": {
        "precision": 0.3880597014925373,
        "recall": 0.20602218700475436,
        "f1-score": 0.2691511387163561,
        "support": 631.0
    },
    "大漲": {
        "precision": 0.16417910447761194,
        "recall": 0.55,
        "f1-score": 0.25287356321839083,
        "support": 240.0
    },
    "accuracy": 0.2513014671083767,
    "macro avg": {
        "precision": 0.3154249725840639,
        "recall": 0.2927643920354493,
        "f1-score": 0.23791687055256228,
        "support": 2113.0
    },
    "weighted avg": {
        "precision": 0.3511455405549018,
        "recall": 0.2513014671083767,
        "f1-score": 0.23423209740236783,
        "support": 2113.0
    }
}