{
    "大跌": {
        "precision": 0.32926829268292684,
        "recall": 0.11538461538461539,
        "f1-score": 0.17088607594936708,
        "support": 234.0
    },
    "小跌": {
        "precision": 0.3904761904761905,
        "recall": 0.13099041533546327,
        "f1-score": 0.19617224880382775,
        "support": 626.0
    },
    "持平": {
        "precision": 0.23640960809102401,
        "recall": 0.5067750677506775,
        "f1-score": 0.32241379310344825,
        "support": 369.0
    },
    "小漲": {
        "precision": 0.39097744360902253,
        "recall": 0.1622464898595944,
        "f1-score": 0.22932745314222713,
        "support": 641.0
    },
    "大漲": {
        "precision": 0.16601307189542483,
        "recall": 0.5204918032786885,
        "f1-score": 0.25173439048562934,
        "support": 244.0
    },
    "accuracy": 0.24929044465468306,
    "macro avg": {
        "precision": 0.3026289213509178,
        "recall": 0.2871776783218078,
        "f1-score": 0.23410679229689993,
        "support": 2114.0
    },
    "weighted avg": {
        "precision": 0.3310528628227791,
        "recall": 0.24929044465468306,
        "f1-score": 0.2318750936240216,
        "support": 2114.0
    }
}