{
    "大跌": {
        "precision": 0.28,
        "recall": 0.1111111111111111,
        "f1-score": 0.1590909090909091,
        "support": 63.0
    },
    "小跌": {
        "precision": 0.3611111111111111,
        "recall": 0.08024691358024691,
        "f1-score": 0.13131313131313133,
        "support": 162.0
    },
    "持平": {
        "precision": 0.22093023255813954,
        "recall": 0.42696629213483145,
        "f1-score": 0.29118773946360155,
        "support": 89.0
    },
    "小漲": {
        "precision": 0.3048780487804878,
        "recall": 0.17123287671232876,
        "f1-score": 0.21929824561403508,
        "support": 146.0
    },
    "大漲": {
        "precision": 0.17289719626168223,
        "recall": 0.5362318840579711,
        "f1-score": 0.26148409893992935,
        "support": 69.0
    },
    "accuracy": 0.22684310018903592,
    "macro avg": {
        "precision": 0.26796331774228416,
        "recall": 0.26515781551929785,
        "f1-score": 0.2124748248843213,
        "support": 529.0
    },
    "weighted avg": {
        "precision": 0.2877975280939163,
        "recall": 0.22684310018903592,
        "f1-score": 0.20278092635958284,
        "support": 529.0
    }
}