{
    "大跌": {
        "precision": 0.21739130434782608,
        "recall": 0.07246376811594203,
        "f1-score": 0.10869565217391304,
        "support": 69.0
    },
    "小跌": {
        "precision": 0.36363636363636365,
        "recall": 0.09248554913294797,
        "f1-score": 0.14746543778801843,
        "support": 173.0
    },
    "持平": {
        "precision": 0.22885572139303484,
        "recall": 0.5348837209302325,
        "f1-score": 0.3205574912891986,
        "support": 86.0
    },
    "小漲": {
        "precision": 0.2777777777777778,
        "recall": 0.14705882352941177,
        "f1-score": 0.19230769230769232,
        "support": 136.0
    },
    "大漲": {
        "precision": 0.1746031746031746,
        "recall": 0.5076923076923077,
        "f1-score": 0.25984251968503935,
        "support": 65.0
    },
    "accuracy": 0.22684310018903592,
    "macro avg": {
        "precision": 0.25245286835163544,
        "recall": 0.27091683388016835,
        "f1-score": 0.20577375864877237,
        "support": 529.0
    },
    "weighted avg": {
        "precision": 0.27734908709995465,
        "recall": 0.22684310018903592,
        "f1-score": 0.19588482971941773,
        "support": 529.0
    }
}